[
  {
    "_id": "datalake-quickstart-metadata-dashboard",
    "_type": "dashboard",
    "_source": {
      "title": "datalake-quickstart-metadata-dashboard",
      "hits": 0,
      "description": "",
      "panelsJSON": "[\n  {\n    \"col\": 1,\n    \"id\": \"metadata-objects-indexed\",\n    \"panelIndex\": 1,\n    \"row\": 1,\n    \"size_x\": 6,\n    \"size_y\": 2,\n    \"type\": \"visualization\"\n  },\n  {\n    \"col\": 1,\n    \"id\": \"medatadata-count-by-content-type\",\n    \"panelIndex\": 2,\n    \"row\": 3,\n    \"size_x\": 6,\n    \"size_y\": 5,\n    \"type\": \"visualization\"\n  },\n  {\n    \"col\": 7,\n    \"id\": \"metadata-files-per-day\",\n    \"panelIndex\": 3,\n    \"row\": 1,\n    \"size_x\": 6,\n    \"size_y\": 7,\n    \"type\": \"visualization\"\n  }\n]",
      "optionsJSON": "{\n  \"darkTheme\": true\n}",
      "uiStateJSON": "{\n  \"P-3\": {\n    \"vis\": {\n      \"legendOpen\": false\n    }\n  }\n}",
      "version": 1,
      "timeRestore": true,
      "timeTo": "now",
      "timeFrom": "now-5y",
      "refreshInterval": {
        "display": "5 seconds",
        "pause": false,
        "section": 1,
        "value": 5000
      },
      "kibanaSavedObjectMeta": {
        "searchSourceJSON": "{\"filter\":[{\"query\":{\"query_string\":{\"analyze_wildcard\":true,\"query\":\"*\"}}}]}"
      }
    }
  },
  {
    "_id": "datalake-cloud-trail-logs-dashboard",
    "_type": "dashboard",
    "_source": {
      "title": "datalake-cloud-trail-logs-dashboard",
      "hits": 0,
      "description": "",
      "panelsJSON": "[{\"id\":\"API-Activity-by-service\",\"type\":\"visualization\",\"panelIndex\":1,\"size_x\":3,\"size_y\":5,\"col\":1,\"row\":4},{\"id\":\"API-Activity-By-Region\",\"type\":\"visualization\",\"panelIndex\":2,\"size_x\":4,\"size_y\":3,\"col\":4,\"row\":1},{\"id\":\"API-calls-by-IP-address\",\"type\":\"visualization\",\"panelIndex\":4,\"size_x\":3,\"size_y\":5,\"col\":9,\"row\":4},{\"id\":\"API-calls-by-user\",\"type\":\"visualization\",\"panelIndex\":5,\"size_x\":5,\"size_y\":3,\"col\":8,\"row\":1},{\"id\":\"API-event-by-Service\",\"type\":\"visualization\",\"panelIndex\":6,\"size_x\":3,\"size_y\":5,\"col\":5,\"row\":4},{\"id\":\"Total-API-calls\",\"type\":\"visualization\",\"panelIndex\":7,\"size_x\":3,\"size_y\":3,\"col\":1,\"row\":1}]",
      "optionsJSON": "{\"darkTheme\":true}",
      "uiStateJSON": "{\"P-4\":{\"vis\":{\"params\":{\"sort\":{\"columnIndex\":null,\"direction\":null}}},\"spy\":{\"mode\":{\"name\":null,\"fill\":false}}},\"P-5\":{\"vis\":{\"params\":{\"sort\":{\"columnIndex\":null,\"direction\":null}}}},\"P-6\":{\"vis\":{\"params\":{\"sort\":{\"columnIndex\":null,\"direction\":null}}}},\"P-1\":{\"vis\":{\"legendOpen\":false}}}",
      "version": 1,
      "timeRestore": true,
      "timeTo": "now",
      "timeFrom": "now-24h",
      "refreshInterval": {
        "display": "5 seconds",
        "pause": false,
        "section": 1,
        "value": 5000
      },
      "kibanaSavedObjectMeta": {
        "searchSourceJSON": "{\"filter\":[{\"query\":{\"query_string\":{\"query\":\"*\",\"analyze_wildcard\":true}}}]}"
      }
    }
  },
  {
    "_id": "metadata-files-per-day",
    "_type": "visualization",
    "_source": {
      "title": "metadata-files-per-day",
      "visState": "{\"title\":\"metadata-files-per-day\",\"type\":\"area\",\"params\":{\"shareYAxis\":true,\"addTooltip\":true,\"addLegend\":true,\"legendPosition\":\"right\",\"smoothLines\":false,\"scale\":\"linear\",\"interpolate\":\"linear\",\"mode\":\"stacked\",\"times\":[],\"addTimeMarker\":false,\"defaultYExtents\":false,\"setYExtents\":false,\"yAxis\":{}},\"aggs\":[{\"id\":\"1\",\"enabled\":true,\"type\":\"count\",\"schema\":\"metric\",\"params\":{}},{\"id\":\"2\",\"enabled\":true,\"type\":\"terms\",\"schema\":\"segment\",\"params\":{\"field\":\"createdDate\",\"size\":5,\"order\":\"desc\",\"orderBy\":\"1\",\"customLabel\":\"Files per day\"}}],\"listeners\":{}}",
      "uiStateJSON": "{}",
      "description": "",
      "version": 1,
      "kibanaSavedObjectMeta": {
        "searchSourceJSON": "{\"index\":\"metadata-store\",\"query\":{\"query_string\":{\"query\":\"*\",\"analyze_wildcard\":true}},\"filter\":[]}"
      }
    }
  },
  {
    "_id": "metadata-objects-indexed",
    "_type": "visualization",
    "_source": {
      "title": "metadata-objects-indexed",
      "visState": "{\"title\":\"metadata-objects-indexed\",\"type\":\"metric\",\"params\":{\"handleNoResults\":true,\"fontSize\":60},\"aggs\":[{\"id\":\"1\",\"enabled\":true,\"type\":\"count\",\"schema\":\"metric\",\"params\":{}}],\"listeners\":{}}",
      "uiStateJSON": "{}",
      "description": "",
      "version": 1,
      "kibanaSavedObjectMeta": {
        "searchSourceJSON": "{\"index\":\"metadata-store\",\"query\":{\"query_string\":{\"query\":\"*\",\"analyze_wildcard\":true}},\"filter\":[]}"
      }
    }
  },
  {
    "_id": "medatadata-count-by-content-type",
    "_type": "visualization",
    "_source": {
      "title": "metadata-count-by-content-type",
      "visState": "{\"title\":\"metadata-count-by-content-type\",\"type\":\"pie\",\"params\":{\"shareYAxis\":true,\"addTooltip\":true,\"addLegend\":true,\"legendPosition\":\"right\",\"isDonut\":false},\"aggs\":[{\"id\":\"1\",\"enabled\":true,\"type\":\"count\",\"schema\":\"metric\",\"params\":{}},{\"id\":\"2\",\"enabled\":true,\"type\":\"terms\",\"schema\":\"segment\",\"params\":{\"field\":\"content_type.keyword\",\"size\":5,\"order\":\"desc\",\"orderBy\":\"1\"}}],\"listeners\":{}}",
      "uiStateJSON": "{}",
      "description": "",
      "version": 1,
      "kibanaSavedObjectMeta": {
        "searchSourceJSON": "{\"index\":\"metadata-store\",\"query\":{\"query_string\":{\"query\":\"*\",\"analyze_wildcard\":true}},\"filter\":[]}"
      }
    }
  },
  {
    "_id": "API-Activity-by-service",
    "_type": "visualization",
    "_source": {
      "title": "API Activity by service",
      "visState": "{\"title\":\"API Activity by service\",\"type\":\"histogram\",\"params\":{\"shareYAxis\":true,\"addTooltip\":true,\"addLegend\":true,\"legendPosition\":\"right\",\"scale\":\"linear\",\"mode\":\"stacked\",\"times\":[],\"addTimeMarker\":false,\"defaultYExtents\":false,\"setYExtents\":false,\"yAxis\":{}},\"aggs\":[{\"id\":\"1\",\"enabled\":true,\"type\":\"count\",\"schema\":\"metric\",\"params\":{\"customLabel\":\"API Activity\"}},{\"id\":\"2\",\"enabled\":true,\"type\":\"terms\",\"schema\":\"segment\",\"params\":{\"field\":\"eventSource.keyword\",\"size\":10,\"order\":\"desc\",\"orderBy\":\"_term\",\"customLabel\":\"Service\"}}],\"listeners\":{}}",
      "uiStateJSON": "{}",
      "description": "",
      "version": 1,
      "kibanaSavedObjectMeta": {
        "searchSourceJSON": "{\"index\":\"cloudtraillogs\",\"query\":{\"query_string\":{\"query\":\"*\",\"analyze_wildcard\":true}},\"filter\":[]}"
      }
    }
  },
  {
    "_id": "API-Activity-By-Region",
    "_type": "visualization",
    "_source": {
      "title": "API Activity By Region",
      "visState": "{\"title\":\"API Activity By Region\",\"type\":\"pie\",\"params\":{\"shareYAxis\":true,\"addTooltip\":true,\"addLegend\":true,\"legendPosition\":\"right\",\"isDonut\":false},\"aggs\":[{\"id\":\"1\",\"enabled\":true,\"type\":\"count\",\"schema\":\"metric\",\"params\":{}},{\"id\":\"2\",\"enabled\":true,\"type\":\"terms\",\"schema\":\"segment\",\"params\":{\"field\":\"awsRegion.keyword\",\"size\":5,\"order\":\"desc\",\"orderBy\":\"1\",\"customLabel\":\"Activity By Region\"}}],\"listeners\":{}}",
      "uiStateJSON": "{}",
      "description": "",
      "version": 1,
      "kibanaSavedObjectMeta": {
        "searchSourceJSON": "{\"index\":\"cloudtraillogs\",\"query\":{\"query_string\":{\"query\":\"*\",\"analyze_wildcard\":true}},\"filter\":[]}"
      }
    }
  },
  {
    "_id": "Total-API-calls",
    "_type": "visualization",
    "_source": {
      "title": "Total API calls",
      "visState": "{\"title\":\"Total API calls\",\"type\":\"metric\",\"params\":{\"handleNoResults\":true,\"fontSize\":60},\"aggs\":[{\"id\":\"1\",\"enabled\":true,\"type\":\"count\",\"schema\":\"metric\",\"params\":{\"customLabel\":\"Total API activity\"}}],\"listeners\":{}}",
      "uiStateJSON": "{}",
      "description": "",
      "version": 1,
      "kibanaSavedObjectMeta": {
        "searchSourceJSON": "{\"index\":\"cloudtraillogs\",\"query\":{\"query_string\":{\"query\":\"*\",\"analyze_wildcard\":true}},\"filter\":[]}"
      }
    }
  },
  {
    "_id": "API-calls-by-user",
    "_type": "visualization",
    "_source": {
      "title": "API calls by user",
      "visState": "{\"title\":\"API calls by user\",\"type\":\"table\",\"params\":{\"perPage\":10,\"showPartialRows\":false,\"showMeticsAtAllLevels\":false,\"sort\":{\"columnIndex\":null,\"direction\":null},\"showTotal\":false,\"totalFunc\":\"sum\"},\"aggs\":[{\"id\":\"1\",\"enabled\":true,\"type\":\"count\",\"schema\":\"metric\",\"params\":{}},{\"id\":\"2\",\"enabled\":true,\"type\":\"terms\",\"schema\":\"bucket\",\"params\":{\"field\":\"userIdentity.userName.keyword\",\"size\":10,\"order\":\"desc\",\"orderBy\":\"1\",\"customLabel\":\"API calls by USER\"}}],\"listeners\":{}}",
      "uiStateJSON": "{\"vis\":{\"params\":{\"sort\":{\"columnIndex\":null,\"direction\":null}}}}",
      "description": "",
      "version": 1,
      "kibanaSavedObjectMeta": {
        "searchSourceJSON": "{\"index\":\"cloudtraillogs\",\"query\":{\"query_string\":{\"query\":\"*\",\"analyze_wildcard\":true}},\"filter\":[]}"
      }
    }
  },
  {
    "_id": "API-event-by-Service",
    "_type": "visualization",
    "_source": {
      "title": "API event by Service",
      "visState": "{\"title\":\"API event by Service\",\"type\":\"table\",\"params\":{\"perPage\":10,\"showPartialRows\":false,\"showMeticsAtAllLevels\":false,\"sort\":{\"columnIndex\":null,\"direction\":null},\"showTotal\":false,\"totalFunc\":\"sum\"},\"aggs\":[{\"id\":\"1\",\"enabled\":true,\"type\":\"count\",\"schema\":\"metric\",\"params\":{}},{\"id\":\"2\",\"enabled\":true,\"type\":\"terms\",\"schema\":\"bucket\",\"params\":{\"field\":\"eventSource.keyword\",\"size\":20,\"order\":\"desc\",\"orderBy\":\"1\",\"customLabel\":\"API event by Service\"}}],\"listeners\":{}}",
      "uiStateJSON": "{\"vis\":{\"params\":{\"sort\":{\"columnIndex\":null,\"direction\":null}}}}",
      "description": "",
      "version": 1,
      "kibanaSavedObjectMeta": {
        "searchSourceJSON": "{\"index\":\"cloudtraillogs\",\"query\":{\"query_string\":{\"query\":\"*\",\"analyze_wildcard\":true}},\"filter\":[]}"
      }
    }
  },
  {
    "_id": "API-calls-by-IP-address",
    "_type": "visualization",
    "_source": {
      "title": "API calls by IP address",
      "visState": "{\"title\":\"API calls by IP address\",\"type\":\"table\",\"params\":{\"perPage\":10,\"showPartialRows\":false,\"showMeticsAtAllLevels\":false,\"sort\":{\"columnIndex\":null,\"direction\":null},\"showTotal\":false,\"totalFunc\":\"sum\"},\"aggs\":[{\"id\":\"1\",\"enabled\":true,\"type\":\"count\",\"schema\":\"metric\",\"params\":{}},{\"id\":\"2\",\"enabled\":true,\"type\":\"terms\",\"schema\":\"bucket\",\"params\":{\"field\":\"sourceIPAddress.keyword\",\"size\":5,\"order\":\"desc\",\"orderBy\":\"1\"}}],\"listeners\":{}}",
      "uiStateJSON": "{\"vis\":{\"params\":{\"sort\":{\"columnIndex\":null,\"direction\":null}}}}",
      "description": "",
      "version": 1,
      "kibanaSavedObjectMeta": {
        "searchSourceJSON": "{\"index\":\"cloudtraillogs\",\"query\":{\"query_string\":{\"query\":\"*\",\"analyze_wildcard\":true}},\"filter\":[]}"
      }
    }
  }
]