{
    "title": "datalakedeliverystream",
    "fields": "[{\"name\":\"country\",\"type\":\"string\",\"count\":0,\"scripted\":false,\"indexed\":true,\"analyzed\":true,\"doc_values\":false,\"searchable\":false,\"aggregatable\":false},{\"name\":\"country.keyword\",\"type\":\"string\",\"count\":0,\"scripted\":false,\"indexed\":true,\"analyzed\":false,\"doc_values\":true,\"searchable\":false,\"aggregatable\":false},{\"name\":\"phone.keyword\",\"type\":\"string\",\"count\":0,\"scripted\":false,\"indexed\":true,\"analyzed\":false,\"doc_values\":true,\"searchable\":false,\"aggregatable\":false},{\"name\":\"username.keyword\",\"type\":\"string\",\"count\":0,\"scripted\":false,\"indexed\":true,\"analyzed\":false,\"doc_values\":true,\"searchable\":false,\"aggregatable\":false},{\"name\":\"password\",\"type\":\"string\",\"count\":0,\"scripted\":false,\"indexed\":true,\"analyzed\":true,\"doc_values\":false,\"searchable\":false,\"aggregatable\":false},{\"name\":\"password.keyword\",\"type\":\"string\",\"count\":0,\"scripted\":false,\"indexed\":true,\"analyzed\":false,\"doc_values\":true,\"searchable\":false,\"aggregatable\":false},{\"name\":\"email\",\"type\":\"string\",\"count\":0,\"scripted\":false,\"indexed\":true,\"analyzed\":true,\"doc_values\":false,\"searchable\":false,\"aggregatable\":false},{\"name\":\"address2\",\"type\":\"string\",\"count\":0,\"scripted\":false,\"indexed\":true,\"analyzed\":true,\"doc_values\":false,\"searchable\":false,\"aggregatable\":false},{\"name\":\"address1\",\"type\":\"string\",\"count\":0,\"scripted\":false,\"indexed\":true,\"analyzed\":true,\"doc_values\":false,\"searchable\":false,\"aggregatable\":false},{\"name\":\"name.keyword\",\"type\":\"string\",\"count\":0,\"scripted\":false,\"indexed\":true,\"analyzed\":false,\"doc_values\":true,\"searchable\":false,\"aggregatable\":false},{\"name\":\"email.keyword\",\"type\":\"string\",\"count\":0,\"scripted\":false,\"indexed\":true,\"analyzed\":false,\"doc_values\":true,\"searchable\":false,\"aggregatable\":false},{\"name\":\"address1.keyword\",\"type\":\"string\",\"count\":0,\"scripted\":false,\"indexed\":true,\"analyzed\":false,\"doc_values\":true,\"searchable\":false,\"aggregatable\":false},{\"name\":\"phone\",\"type\":\"string\",\"count\":0,\"scripted\":false,\"indexed\":true,\"analyzed\":true,\"doc_values\":false,\"searchable\":false,\"aggregatable\":false},{\"name\":\"dob\",\"type\":\"date\",\"count\":0,\"scripted\":false,\"indexed\":true,\"analyzed\":false,\"doc_values\":true,\"searchable\":false,\"aggregatable\":false},{\"name\":\"address2.keyword\",\"type\":\"string\",\"count\":0,\"scripted\":false,\"indexed\":true,\"analyzed\":false,\"doc_values\":true,\"searchable\":false,\"aggregatable\":false},{\"name\":\"name\",\"type\":\"string\",\"count\":0,\"scripted\":false,\"indexed\":true,\"analyzed\":true,\"doc_values\":false,\"searchable\":false,\"aggregatable\":false},{\"name\":\"_source\",\"type\":\"_source\",\"count\":0,\"scripted\":false,\"indexed\":false,\"analyzed\":false,\"doc_values\":false,\"searchable\":false,\"aggregatable\":false},{\"name\":\"username\",\"type\":\"string\",\"count\":0,\"scripted\":false,\"indexed\":true,\"analyzed\":true,\"doc_values\":false,\"searchable\":false,\"aggregatable\":false},{\"name\":\"_id\",\"type\":\"string\",\"count\":0,\"scripted\":false,\"indexed\":false,\"analyzed\":false,\"doc_values\":false,\"searchable\":false,\"aggregatable\":false},{\"name\":\"_type\",\"type\":\"string\",\"count\":0,\"scripted\":false,\"indexed\":false,\"analyzed\":false,\"doc_values\":false,\"searchable\":false,\"aggregatable\":false},{\"name\":\"_index\",\"type\":\"string\",\"count\":0,\"scripted\":false,\"indexed\":false,\"analyzed\":false,\"doc_values\":false,\"searchable\":false,\"aggregatable\":false},{\"name\":\"_score\",\"type\":\"number\",\"count\":0,\"scripted\":false,\"indexed\":false,\"analyzed\":false,\"doc_values\":false,\"searchable\":false,\"aggregatable\":false}]"
}