{
    "title": "metadata-store",
    "timeFieldName": "createdDate",
    "fields": "[{\"name\":\"metadata\",\"type\":\"string\",\"count\":0,\"scripted\":false,\"indexed\":true,\"analyzed\":true,\"doc_values\":false,\"searchable\":false,\"aggregatable\":false},{\"name\":\"content_type.keyword\",\"type\":\"string\",\"count\":0,\"scripted\":false,\"indexed\":true,\"analyzed\":false,\"doc_values\":true,\"searchable\":true,\"aggregatable\":true},{\"name\":\"createdDate\",\"type\":\"date\",\"count\":0,\"scripted\":false,\"indexed\":true,\"analyzed\":false,\"doc_values\":true,\"searchable\":true,\"aggregatable\":true},{\"name\":\"content_type\",\"type\":\"string\",\"count\":0,\"scripted\":false,\"indexed\":true,\"analyzed\":true,\"doc_values\":false,\"searchable\":true,\"aggregatable\":false},{\"name\":\"metadata.keyword\",\"type\":\"string\",\"count\":0,\"scripted\":false,\"indexed\":true,\"analyzed\":false,\"doc_values\":true,\"searchable\":true,\"aggregatable\":true},{\"name\":\"objectKey\",\"type\":\"string\",\"count\":0,\"scripted\":false,\"indexed\":true,\"analyzed\":true,\"doc_values\":false,\"searchable\":true,\"aggregatable\":false},{\"name\":\"_source\",\"type\":\"_source\",\"count\":0,\"scripted\":false,\"indexed\":false,\"analyzed\":false,\"doc_values\":false,\"searchable\":false,\"aggregatable\":false},{\"name\":\"objectKey.keyword\",\"type\":\"string\",\"count\":0,\"scripted\":false,\"indexed\":true,\"analyzed\":false,\"doc_values\":true,\"searchable\":true,\"aggregatable\":true},{\"name\":\"content_length\",\"type\":\"number\",\"count\":0,\"scripted\":false,\"indexed\":true,\"analyzed\":false,\"doc_values\":true,\"searchable\":true,\"aggregatable\":true},{\"name\":\"_id\",\"type\":\"string\",\"count\":0,\"scripted\":false,\"indexed\":false,\"analyzed\":false,\"doc_values\":false,\"searchable\":false,\"aggregatable\":false},{\"name\":\"_type\",\"type\":\"string\",\"count\":0,\"scripted\":false,\"indexed\":false,\"analyzed\":false,\"doc_values\":false,\"searchable\":true,\"aggregatable\":true},{\"name\":\"_index\",\"type\":\"string\",\"count\":0,\"scripted\":false,\"indexed\":false,\"analyzed\":false,\"doc_values\":false,\"searchable\":false,\"aggregatable\":false},{\"name\":\"_score\",\"type\":\"number\",\"count\":0,\"scripted\":false,\"indexed\":false,\"analyzed\":false,\"doc_values\":false,\"searchable\":false,\"aggregatable\":false}]"
  }