[
  {
    "_id": "datalake-quickstart-metadata-dashboard",
    "_type": "dashboard",
    "_source": {
      "title": "datalake-quickstart-metadata-dashboard",
      "hits": 0,
      "description": "",
      "panelsJSON": "[\n  {\n    \"col\": 1,\n    \"id\": \"metadata-objects-indexed\",\n    \"panelIndex\": 1,\n    \"row\": 1,\n    \"size_x\": 6,\n    \"size_y\": 2,\n    \"type\": \"visualization\"\n  },\n  {\n    \"col\": 1,\n    \"id\": \"medatadata-count-by-content-type\",\n    \"panelIndex\": 2,\n    \"row\": 3,\n    \"size_x\": 6,\n    \"size_y\": 5,\n    \"type\": \"visualization\"\n  },\n  {\n    \"col\": 7,\n    \"id\": \"metadata-files-per-day\",\n    \"panelIndex\": 3,\n    \"row\": 1,\n    \"size_x\": 6,\n    \"size_y\": 7,\n    \"type\": \"visualization\"\n  }\n]",
      "optionsJSON": "{\n  \"darkTheme\": true\n}",
      "uiStateJSON": "{\n  \"P-3\": {\n    \"vis\": {\n      \"legendOpen\": false\n    }\n  }\n}",
      "version": 1,
      "timeRestore": true,
      "timeTo": "now",
      "timeFrom": "now-5y",
      "refreshInterval": {
        "display": "5 seconds",
        "pause": false,
        "section": 1,
        "value": 5000
      },
      "kibanaSavedObjectMeta": {
        "searchSourceJSON": "{\n  \"filter\": [\n    {\n      \"query\": {\n        \"query_string\": {\n          \"analyze_wildcard\": true,\n          \"query\": \"*\"\n        }\n      }\n    }\n  ]\n}"
      }
    }
  },
  {
    "_id": "metadata-files-per-day",
    "_type": "visualization",
    "_source": {
      "title": "metadata-files-per-day",
      "visState": "{\"title\":\"metadata-files-per-day\",\"type\":\"area\",\"params\":{\"shareYAxis\":true,\"addTooltip\":true,\"addLegend\":true,\"legendPosition\":\"right\",\"smoothLines\":false,\"scale\":\"linear\",\"interpolate\":\"linear\",\"mode\":\"stacked\",\"times\":[],\"addTimeMarker\":false,\"defaultYExtents\":false,\"setYExtents\":false,\"yAxis\":{}},\"aggs\":[{\"id\":\"1\",\"enabled\":true,\"type\":\"count\",\"schema\":\"metric\",\"params\":{}},{\"id\":\"2\",\"enabled\":true,\"type\":\"terms\",\"schema\":\"segment\",\"params\":{\"field\":\"createdDate\",\"size\":5,\"order\":\"desc\",\"orderBy\":\"1\",\"customLabel\":\"Files per day\"}}],\"listeners\":{}}",
      "uiStateJSON": "{}",
      "description": "",
      "version": 1,
      "kibanaSavedObjectMeta": {
        "searchSourceJSON": "{\"index\":\"metadata-store\",\"query\":{\"query_string\":{\"query\":\"*\",\"analyze_wildcard\":true}},\"filter\":[]}"
      }
    }
  },
  {
    "_id": "metadata-objects-indexed",
    "_type": "visualization",
    "_source": {
      "title": "metadata-objects-indexed",
      "visState": "{\"title\":\"metadata-objects-indexed\",\"type\":\"metric\",\"params\":{\"handleNoResults\":true,\"fontSize\":60},\"aggs\":[{\"id\":\"1\",\"enabled\":true,\"type\":\"count\",\"schema\":\"metric\",\"params\":{}}],\"listeners\":{}}",
      "uiStateJSON": "{}",
      "description": "",
      "version": 1,
      "kibanaSavedObjectMeta": {
        "searchSourceJSON": "{\"index\":\"metadata-store\",\"query\":{\"query_string\":{\"query\":\"*\",\"analyze_wildcard\":true}},\"filter\":[]}"
      }
    }
  },
  {
    "_id": "medatadata-count-by-content-type",
    "_type": "visualization",
    "_source": {
      "title": "metadata-count-by-content-type",
      "visState": "{\n  \"title\": \"metadata-count-by-content-type\",\n  \"type\": \"pie\",\n  \"params\": {\n    \"shareYAxis\": true,\n    \"addTooltip\": true,\n    \"addLegend\": true,\n    \"legendPosition\": \"right\",\n    \"isDonut\": false\n  },\n  \"aggs\": [\n    {\n      \"id\": \"1\",\n      \"enabled\": true,\n      \"type\": \"count\",\n      \"schema\": \"metric\",\n      \"params\": {}\n    },\n    {\n      \"id\": \"2\",\n      \"enabled\": true,\n      \"type\": \"terms\",\n      \"schema\": \"segment\",\n      \"params\": {\n        \"field\": \"content_type.keyword\",\n        \"size\": 5,\n        \"order\": \"desc\",\n        \"orderBy\": \"1\"\n      }\n    }\n  ],\n  \"listeners\": {}\n}",
      "uiStateJSON": "{}",
      "description": "",
      "version": 1,
      "kibanaSavedObjectMeta": {
        "searchSourceJSON": "{\n  \"index\": \"metadata-store\",\n  \"query\": {\n    \"query_string\": {\n      \"query\": \"*\",\n      \"analyze_wildcard\": true\n    }\n  },\n  \"filter\": []\n}"
      }
    }
  }
]