{
    "olddynamodbmasktable": [
        {
            "PutRequest": {
                "Item": {
				    "Table_Name": {
                		"S": "provider"
		            }, 
		            "Attribute_Name": {
		                "S": "None"
		            }, 
		            "RegEx_Validator": {
		                "S": "None"
		            }, 
		            "RegEx_Masking": {
		                "S": "None"
		            }
				}
			}
		},
		{
            "PutRequest": {
                "Item": {
				   "Table_Name": {
                		"S": "physician"
		            }, 
		            "Attribute_Name": {
		                "S": "email"
		            }, 
		            "RegEx_Validator": {
		                "S": "((\\w+[.|\\w])*@(\\w+[.])*\\w+)"
		            }, 
		            "RegEx_Masking": {
		                "S": "(?<=.).(?=[^@]*?.@)"
		            }
				}
			}
		},
		{
            "PutRequest": {
                "Item": {
		            "Table_Name": {
                		"S": "patient"
		            }, 
		            "Attribute_Name": {
		                "S": "email"
		            }, 
		            "RegEx_Validator": {
		                "S": "((\\w+[.|\\w])*@(\\w+[.])*\\w+)"
		            }, 
		            "RegEx_Masking": {
		                "S": "(?<=.).(?=[^@]*?.@)"
		            }
				}
			}
		},
		{
            "PutRequest": {
                "Item": {
		            "Table_Name": {
                		"S": "patient"
		            }, 
		            "Attribute_Name": {
		                "S": "ssn"
		            }, 
		            "RegEx_Validator": {
		                "S": "(^\\d{3}-?\\d{2}-?\\d{4}$|^XXX-XX-XXXX$)"
		            }, 
		            "RegEx_Masking": {
		                "S": "(^\\d{3}-?\\d{2}-?\\d{4}$|^XXX-XX-XXXX$)"
		            }
				}
			}
		},
		{
            "PutRequest": {
                "Item": {
		            "Table_Name": {
                		"S": "billing"
		            }, 
		            "Attribute_Name": {
		                "S": "None"
		            }, 
		            "RegEx_Validator": {
		                "S": "None"
		            }, 
		            "RegEx_Masking": {
		                "S": "None"
		            }
				}
			}
		}
	]
}