{
    "aliases": {},
    "mappings": {
      "log": {
        "properties": {
          "apiVersion": {
            "type": "date"
          },
          "awsRegion": {
            "type": "text",
            "fields": {
              "keyword": {
                "type": "keyword",
                "ignore_above": 256
              }
            }
          },
          "errorCode": {
            "type": "text",
            "fields": {
              "keyword": {
                "type": "keyword",
                "ignore_above": 256
              }
            }
          },
          "errorMessage": {
            "type": "text",
            "fields": {
              "keyword": {
                "type": "keyword",
                "ignore_above": 256
              }
            }
          },
          "eventID": {
            "type": "text",
            "fields": {
              "keyword": {
                "type": "keyword",
                "ignore_above": 256
              }
            }
          },
          "eventName": {
            "type": "text",
            "fields": {
              "keyword": {
                "type": "keyword",
                "ignore_above": 256
              }
            }
          },
          "eventSource": {
            "type": "text",
            "fields": {
              "keyword": {
                "type": "keyword",
                "ignore_above": 256
              }
            }
          },
          "eventTime": {
            "type": "date"
          },
          "eventType": {
            "type": "text",
            "fields": {
              "keyword": {
                "type": "keyword",
                "ignore_above": 256
              }
            }
          },
          "eventVersion": {
            "type": "text",
            "fields": {
              "keyword": {
                "type": "keyword",
                "ignore_above": 256
              }
            }
          },
          "readOnly": {
            "type": "boolean"
          },
          "recipientAccountId": {
            "type": "text",
            "fields": {
              "keyword": {
                "type": "keyword",
                "ignore_above": 256
              }
            }
          },
          "requestID": {
            "type": "text",
            "fields": {
              "keyword": {
                "type": "keyword",
                "ignore_above": 256
              }
            }
          },
          "requestParameters": {
            "properties": {
              "acl": {
                "type": "text",
                "fields": {
                  "keyword": {
                    "type": "keyword",
                    "ignore_above": 256
                  }
                }
              },
              "bucketName": {
                "type": "text",
                "fields": {
                  "keyword": {
                    "type": "keyword",
                    "ignore_above": 256
                  }
                }
              },
              "capabilities": {
                "type": "text",
                "fields": {
                  "keyword": {
                    "type": "keyword",
                    "ignore_above": 256
                  }
                }
              },
              "disableRollback": {
                "type": "boolean"
              },
              "domainName": {
                "type": "text",
                "fields": {
                  "keyword": {
                    "type": "keyword",
                    "ignore_above": 256
                  }
                }
              },
              "duration": {
                "type": "long"
              },
              "hostname": {
                "type": "text",
                "fields": {
                  "keyword": {
                    "type": "keyword",
                    "ignore_above": 256
                  }
                }
              },
              "instanceIdentity": {
                "properties": {
                  "document": {
                    "type": "text",
                    "fields": {
                      "keyword": {
                        "type": "keyword",
                        "ignore_above": 256
                      }
                    }
                  },
                  "signature": {
                    "type": "text",
                    "fields": {
                      "keyword": {
                        "type": "keyword",
                        "ignore_above": 256
                      }
                    }
                  }
                }
              },
              "loadBalancerName": {
                "type": "text",
                "fields": {
                  "keyword": {
                    "type": "keyword",
                    "ignore_above": 256
                  }
                }
              },
              "location": {
                "type": "text",
                "fields": {
                  "keyword": {
                    "type": "keyword",
                    "ignore_above": 256
                  }
                }
              },
              "maxRecords": {
                "type": "long"
              },
              "parameters": {
                "properties": {
                  "parameterKey": {
                    "type": "text",
                    "fields": {
                      "keyword": {
                        "type": "keyword",
                        "ignore_above": 256
                      }
                    }
                  }
                }
              },
              "retainResources": {
                "type": "text",
                "fields": {
                  "keyword": {
                    "type": "keyword",
                    "ignore_above": 256
                  }
                }
              },
              "sourceIdentifier": {
                "type": "text",
                "fields": {
                  "keyword": {
                    "type": "keyword",
                    "ignore_above": 256
                  }
                }
              },
              "sourceType": {
                "type": "text",
                "fields": {
                  "keyword": {
                    "type": "keyword",
                    "ignore_above": 256
                  }
                }
              },
              "stackName": {
                "type": "text",
                "fields": {
                  "keyword": {
                    "type": "keyword",
                    "ignore_above": 256
                  }
                }
              },
              "stackStatusFilter": {
                "type": "text",
                "fields": {
                  "keyword": {
                    "type": "keyword",
                    "ignore_above": 256
                  }
                }
              },
              "templateURL": {
                "type": "text",
                "fields": {
                  "keyword": {
                    "type": "keyword",
                    "ignore_above": 256
                  }
                }
              },
              "workerGroup": {
                "type": "text",
                "fields": {
                  "keyword": {
                    "type": "keyword",
                    "ignore_above": 256
                  }
                }
              }
            }
          },
          "responseElements": {
            "properties": {
              "capabilities": {
                "type": "text",
                "fields": {
                  "keyword": {
                    "type": "keyword",
                    "ignore_above": 256
                  }
                }
              },
              "capabilitiesReason": {
                "type": "text",
                "fields": {
                  "keyword": {
                    "type": "keyword",
                    "ignore_above": 256
                  }
                }
              },
              "description": {
                "type": "text",
                "fields": {
                  "keyword": {
                    "type": "keyword",
                    "ignore_above": 256
                  }
                }
              },
              "parameters": {
                "properties": {
                  "description": {
                    "type": "text",
                    "fields": {
                      "keyword": {
                        "type": "keyword",
                        "ignore_above": 256
                      }
                    }
                  },
                  "noEcho": {
                    "type": "boolean"
                  },
                  "parameterKey": {
                    "type": "text",
                    "fields": {
                      "keyword": {
                        "type": "keyword",
                        "ignore_above": 256
                      }
                    }
                  },
                  "parameterType": {
                    "type": "text",
                    "fields": {
                      "keyword": {
                        "type": "keyword",
                        "ignore_above": 256
                      }
                    }
                  }
                }
              },
              "stackId": {
                "type": "text",
                "fields": {
                  "keyword": {
                    "type": "keyword",
                    "ignore_above": 256
                  }
                }
              }
            }
          },
          "sourceIPAddress": {
            "type": "text",
            "fields": {
              "keyword": {
                "type": "keyword",
                "ignore_above": 256
              }
            }
          },
          "userAgent": {
            "type": "text",
            "fields": {
              "keyword": {
                "type": "keyword",
                "ignore_above": 256
              }
            }
          },
          "userIdentity": {
            "properties": {
              "accessKeyId": {
                "type": "text",
                "fields": {
                  "keyword": {
                    "type": "keyword",
                    "ignore_above": 256
                  }
                }
              },
              "accountId": {
                "type": "text",
                "fields": {
                  "keyword": {
                    "type": "keyword",
                    "ignore_above": 256
                  }
                }
              },
              "arn": {
                "type": "text",
                "fields": {
                  "keyword": {
                    "type": "keyword",
                    "ignore_above": 256
                  }
                }
              },
              "invokedBy": {
                "type": "text",
                "fields": {
                  "keyword": {
                    "type": "keyword",
                    "ignore_above": 256
                  }
                }
              },
              "principalId": {
                "type": "text",
                "fields": {
                  "keyword": {
                    "type": "keyword",
                    "ignore_above": 256
                  }
                }
              },
              "sessionContext": {
                "properties": {
                  "attributes": {
                    "properties": {
                      "creationDate": {
                        "type": "date"
                      },
                      "mfaAuthenticated": {
                        "type": "text",
                        "fields": {
                          "keyword": {
                            "type": "keyword",
                            "ignore_above": 256
                          }
                        }
                      }
                    }
                  },
                  "sessionIssuer": {
                    "properties": {
                      "accountId": {
                        "type": "text",
                        "fields": {
                          "keyword": {
                            "type": "keyword",
                            "ignore_above": 256
                          }
                        }
                      },
                      "arn": {
                        "type": "text",
                        "fields": {
                          "keyword": {
                            "type": "keyword",
                            "ignore_above": 256
                          }
                        }
                      },
                      "principalId": {
                        "type": "text",
                        "fields": {
                          "keyword": {
                            "type": "keyword",
                            "ignore_above": 256
                          }
                        }
                      },
                      "type": {
                        "type": "text",
                        "fields": {
                          "keyword": {
                            "type": "keyword",
                            "ignore_above": 256
                          }
                        }
                      },
                      "userName": {
                        "type": "text",
                        "fields": {
                          "keyword": {
                            "type": "keyword",
                            "ignore_above": 256
                          }
                        }
                      }
                    }
                  }
                }
              },
              "type": {
                "type": "text",
                "fields": {
                  "keyword": {
                    "type": "keyword",
                    "ignore_above": 256
                  }
                }
              },
              "userName": {
                "type": "text",
                "fields": {
                  "keyword": {
                    "type": "keyword",
                    "ignore_above": 256
                  }
                }
              }
            }
          }
        }
      }
    },
    "settings": {
      "index": {
        "number_of_shards": "1",
        "number_of_replicas": "0"
      }
    }
}