{
    "aliases": {},
    "mappings": {
      "metadata": {
        "properties": {
          "content_length": {
            "type": "long"
          },
          "content_type": {
            "type": "text",
            "fields": {
              "keyword": {
                "type": "keyword",
                "ignore_above": 256
              }
            }
          },
          "createdDate": {
            "type": "date"
          },
          "metadata": {
            "type": "text",
            "fields": {
              "keyword": {
                "type": "keyword",
                "ignore_above": 256
              }
            }
          },
          "objectKey": {
            "type": "text",
            "fields": {
              "keyword": {
                "type": "keyword",
                "ignore_above": 256
              }
            }
          }
        }
      }
    },
    "settings": {
      "index": {
        "number_of_shards": "1",
        "number_of_replicas": "0"
      }
    }
}