SET FOREIGN_KEY_CHECKS=0;
SET SQL_MODE = "NO_AUTO_VALUE_ON_ZERO";
SET time_zone = "+00:00";

/*!40101 SET @OLD_CHARACTER_SET_CLIENT=@@CHARACTER_SET_CLIENT */;
/*!40101 SET @OLD_CHARACTER_SET_RESULTS=@@CHARACTER_SET_RESULTS */;
/*!40101 SET @OLD_COLLATION_CONNECTION=@@COLLATION_CONNECTION */;
/*!40101 SET NAMES utf8mb4 */;


CREATE TABLE IF NOT EXISTS `billing` (
  `record_id` int(20) NOT NULL,
  `patient_id` bigint(20) DEFAULT NULL,
  `billing_date` date DEFAULT NULL,
  `bill_amount` decimal(5,0) DEFAULT NULL,
  `insurance_type` varchar(100) DEFAULT NULL,
  `insurance_provider` int(20) DEFAULT NULL,
  `primary_physician_id` bigint(20) DEFAULT NULL,
  PRIMARY KEY (`record_id`),
  KEY `patient_id` (`patient_id`,`insurance_provider`,`primary_physician_id`),
  KEY `insurance_provider` (`insurance_provider`),
  KEY `primary_physician_id` (`primary_physician_id`)
) ENGINE=InnoDB DEFAULT CHARSET=utf8;

INSERT INTO `billing` (`record_id`, `patient_id`, `billing_date`, `bill_amount`, `insurance_type`, `insurance_provider`, `primary_physician_id`) VALUES
(25483, 16131212058, '2016-09-30', '586', 'HMO-GOLD-C', 988552, 74508820299),
(25484, 16121210811, '2016-11-05', '782', 'HMO-A', 254284, 74508820299),
(25485, 16690408515, '2016-04-11', '97', 'HMO-GOLD-C', 254284, 10655681299),
(25486, 16681125666, '2016-08-26', '206', 'HMO-B', 254284, 79673317799),
(25487, 16420523350, '2016-04-08', '110', 'HCA-B', 988552, 51352098299),
(25488, 16730417126, '2016-08-28', '449', 'HMO-GOLD-C', 586693, 80675365999),
(25489, 16190607434, '2016-06-18', '498', 'HMO-A', 988552, 10655681299),
(25490, 16971113683, '2016-09-29', '116', 'HMO-GOLD-C', 586693, 82575519999),
(25491, 16171015603, '2016-01-25', '793', 'HCA-SILVER', 988552, 87308909799),
(25492, 16170504742, '2016-11-24', '617', 'HCA-B', 254284, 82575519999),
(25493, 16690604796, '2016-05-27', '96', 'HCA-B', 254284, 10655681299),
(25494, 16970707282, '2016-09-29', '421', 'HCA-SILVER', 988552, 74508820299),
(25495, 16171203485, '2016-12-03', '280', 'HMO-B', 586693, 80675365999),
(25496, 16341011505, '2016-03-02', '654', 'HCA-SILVER', 988552, 74508820299),
(25497, 16400713234, '2016-07-18', '221', 'HCA-B', 254284, 51352098299),
(25498, 16090529374, '2016-05-05', '648', 'HCA-SILVER', 988552, 87308909799),
(25499, 16770327351, '2016-12-02', '479', 'HMO-GOLD-C', 586693, 80430607099),
(25500, 16021004336, '2016-06-10', '130', 'HMO-GOLD-C', 254284, 10655681299),
(25501, 16241211777, '2016-01-27', '417', 'HCA-B', 988552, 25205234799),
(25502, 16451220580, '2016-12-17', '386', 'HCA-SILVER', 988552, 33817777399),
(25503, 16061227812, '2016-05-28', '279', 'HMO-A', 254284, 87308909799),
(25504, 16891018394, '2016-05-17', '177', 'HCA-SILVER', 988552, 80430607099),
(25505, 16960611742, '2016-08-21', '160', 'HMO-GOLD-C', 254284, 80430607099),
(25506, 16720226953, '2016-08-23', '106', 'HCA-B', 254284, 80430607099),
(25507, 16350925473, '2016-06-28', '797', 'HMO-A', 254284, 25205234799),
(25508, 16380106648, '2016-12-27', '153', 'HMO-B', 988552, 80430607099),
(25509, 16570301618, '2016-04-07', '691', 'HCA-B', 586693, 33817777399),
(25510, 16260112255, '2016-08-23', '573', 'HMO-A', 586693, 87308909799),
(25511, 16850121063, '2016-07-20', '612', 'HMO-A', 254284, 51352098299),
(25512, 16330923607, '2016-10-15', '397', 'HMO-A', 254284, 51352098299),
(25513, 16140230827, '2016-03-03', '537', 'HCA-B', 254284, 82575519999),
(25514, 16070206151, '2016-08-12', '789', 'HMO-B', 586693, 74508820299),
(25515, 16460513095, '2016-11-15', '763', 'HMO-B', 254284, 25205234799),
(25516, 16701123002, '2016-10-01', '277', 'HMO-B', 254284, 80430607099),
(25517, 16960216457, '2016-10-26', '648', 'HMO-GOLD-C', 254284, 82575519999),
(25518, 16820920119, '2016-10-23', '760', 'HCA-SILVER', 988552, 80430607099),
(25519, 16890725062, '2016-05-20', '731', 'HCA-B', 586693, 80430607099),
(25520, 16210328648, '2016-09-30', '138', 'HCA-B', 254284, 10655681299),
(25521, 16120809888, '2016-06-11', '81', 'HMO-B', 254284, 10655681299),
(25522, 16080126856, '2016-05-22', '85', 'HCA-B', 586693, 87308909799),
(25523, 16600720802, '2016-10-19', '192', 'HMO-GOLD-C', 988552, 80430607099),
(25524, 16820127152, '2016-01-07', '637', 'HMO-GOLD-C', 988552, 25205234799),
(25525, 16880930330, '2016-09-17', '169', 'HCA-B', 254284, 51352098299),
(25526, 16560627351, '2016-01-08', '432', 'HCA-SILVER', 988552, 10655681299),
(25527, 16890512086, '2016-04-24', '231', 'HMO-B', 254284, 10655681299),
(25528, 16850615255, '2016-10-31', '473', 'HMO-GOLD-C', 586693, 33817777399),
(25529, 16740122121, '2016-12-17', '128', 'HMO-A', 988552, 80675365999),
(25530, 16520708503, '2016-01-19', '420', 'HCA-SILVER', 254284, 25205234799),
(25531, 16030601637, '2016-01-07', '515', 'HCA-B', 586693, 33817777399),
(25532, 16871023755, '2016-02-01', '91', 'HMO-B', 254284, 87308909799),
(25533, 16771024897, '2016-04-25', '376', 'HCA-B', 254284, 51352098299),
(25534, 16131212058, '2016-07-17', '764', 'HCA-SILVER', 988552, 80675365999),
(25535, 16121210811, '2016-11-05', '340', 'HCA-SILVER', 254284, 10655681299),
(25536, 16690408515, '2016-08-14', '526', 'HMO-GOLD-C', 988552, 80675365999),
(25537, 16681125666, '2016-10-12', '865', 'HCA-SILVER', 586693, 87308909799),
(25538, 16420523350, '2016-01-01', '148', 'HCA-B', 988552, 33817777399),
(25539, 16730417126, '2016-12-25', '254', 'HCA-B', 254284, 79673317799),
(25540, 16190607434, '2016-07-31', '639', 'HMO-GOLD-C', 988552, 79673317799),
(25541, 16971113683, '2016-03-17', '495', 'HMO-A', 254284, 25205234799),
(25542, 16171015603, '2016-10-19', '607', 'HMO-A', 586693, 87308909799),
(25543, 16170504742, '2016-03-20', '239', 'HMO-GOLD-C', 254284, 80430607099),
(25544, 16690604796, '2016-06-28', '721', 'HCA-SILVER', 988552, 80430607099),
(25545, 16970707282, '2016-04-22', '845', 'HCA-SILVER', 988552, 33817777399),
(25546, 16171203485, '2016-12-29', '562', 'HMO-B', 586693, 51352098299),
(25547, 16341011505, '2016-04-19', '316', 'HMO-B', 586693, 74508820299),
(25548, 16400713234, '2016-10-24', '703', 'HMO-B', 254284, 80675365999),
(25549, 16090529374, '2016-10-18', '205', 'HCA-SILVER', 988552, 82575519999),
(25550, 16770327351, '2016-12-12', '142', 'HCA-SILVER', 988552, 51352098299),
(25551, 16021004336, '2016-04-12', '190', 'HMO-B', 586693, 51352098299),
(25552, 16241211777, '2016-08-12', '392', 'HMO-A', 988552, 10655681299),
(25553, 16451220580, '2016-01-03', '707', 'HMO-A', 988552, 33817777399),
(25554, 16061227812, '2016-05-04', '278', 'HMO-GOLD-C', 988552, 82575519999),
(25555, 16891018394, '2016-04-20', '114', 'HMO-A', 254284, 80430607099),
(25556, 16960611742, '2016-12-16', '527', 'HMO-GOLD-C', 586693, 82575519999),
(25557, 16720226953, '2016-03-29', '723', 'HCA-B', 254284, 80430607099),
(25558, 16350925473, '2016-04-27', '275', 'HMO-A', 988552, 79673317799),
(25559, 16380106648, '2016-01-16', '388', 'HCA-B', 586693, 10655681299),
(25560, 16570301618, '2016-07-16', '180', 'HMO-GOLD-C', 254284, 33817777399),
(25561, 16260112255, '2016-02-17', '237', 'HCA-B', 254284, 82575519999),
(25562, 16850121063, '2016-05-04', '719', 'HMO-GOLD-C', 254284, 33817777399),
(25563, 16330923607, '2016-02-16', '830', 'HMO-GOLD-C', 586693, 82575519999),
(25564, 16140230827, '2016-06-30', '449', 'HCA-B', 988552, 79673317799),
(25565, 16070206151, '2016-12-02', '119', 'HCA-SILVER', 586693, 51352098299),
(25566, 16460513095, '2016-07-10', '462', 'HCA-B', 586693, 10655681299),
(25567, 16701123002, '2016-09-10', '787', 'HMO-A', 586693, 82575519999),
(25568, 16960216457, '2016-02-29', '758', 'HMO-GOLD-C', 988552, 79673317799),
(25569, 16820920119, '2016-04-14', '167', 'HMO-B', 254284, 51352098299),
(25570, 16890725062, '2016-10-31', '772', 'HMO-GOLD-C', 254284, 74508820299),
(25571, 16210328648, '2016-03-18', '328', 'HCA-B', 988552, 25205234799),
(25572, 16120809888, '2016-08-24', '267', 'HCA-B', 988552, 74508820299),
(25573, 16080126856, '2016-09-08', '232', 'HMO-B', 254284, 25205234799),
(25574, 16600720802, '2016-02-12', '138', 'HMO-A', 586693, 51352098299),
(25575, 16820127152, '2016-03-12', '410', 'HMO-GOLD-C', 988552, 80675365999),
(25576, 16880930330, '2016-03-04', '117', 'HCA-B', 586693, 25205234799),
(25577, 16560627351, '2016-11-06', '180', 'HCA-B', 988552, 82575519999),
(25578, 16890512086, '2016-02-05', '845', 'HMO-A', 586693, 87308909799),
(25579, 16850615255, '2016-11-16', '376', 'HMO-GOLD-C', 988552, 25205234799),
(25580, 16740122121, '2016-06-16', '822', 'HMO-GOLD-C', 988552, 79673317799),
(25581, 16520708503, '2016-12-08', '534', 'HMO-GOLD-C', 988552, 82575519999),
(25582, 16030601637, '2016-07-05', '709', 'HMO-GOLD-C', 254284, 74508820299),
(25583, 16871023755, '2016-12-05', '471', 'HMO-A', 586693, 82575519999),
(25584, 16771024897, '2016-03-09', '190', 'HCA-SILVER', 988552, 74508820299),
(25585, 16131212058, '2016-09-13', '633', 'HMO-A', 586693, 82575519999),
(25586, 16121210811, '2016-12-14', '153', 'HCA-SILVER', 586693, 25205234799),
(25587, 16690408515, '2016-08-26', '475', 'HMO-B', 254284, 51352098299),
(25588, 16681125666, '2016-04-02', '781', 'HMO-A', 254284, 74508820299),
(25589, 16420523350, '2016-08-15', '151', 'HMO-GOLD-C', 586693, 82575519999),
(25590, 16730417126, '2016-12-13', '57', 'HCA-B', 988552, 33817777399),
(25591, 16190607434, '2016-07-15', '161', 'HMO-GOLD-C', 586693, 25205234799),
(25592, 16971113683, '2016-06-23', '253', 'HMO-B', 586693, 25205234799),
(25593, 16171015603, '2016-09-27', '64', 'HCA-SILVER', 988552, 25205234799),
(25594, 16170504742, '2016-08-23', '410', 'HMO-A', 254284, 74508820299),
(25595, 16690604796, '2016-09-20', '625', 'HCA-SILVER', 586693, 80675365999),
(25596, 16970707282, '2016-01-09', '237', 'HCA-SILVER', 254284, 80430607099),
(25597, 16171203485, '2016-11-30', '670', 'HCA-SILVER', 586693, 74508820299),
(25598, 16341011505, '2016-03-11', '684', 'HCA-B', 254284, 25205234799),
(25599, 16400713234, '2016-04-07', '212', 'HMO-A', 586693, 82575519999),
(25600, 16090529374, '2016-07-05', '824', 'HMO-GOLD-C', 988552, 33817777399),
(25601, 16770327351, '2016-08-31', '308', 'HMO-B', 586693, 10655681299),
(25602, 16021004336, '2016-08-07', '680', 'HCA-B', 254284, 74508820299),
(25603, 16241211777, '2016-04-01', '764', 'HMO-GOLD-C', 988552, 51352098299),
(25604, 16451220580, '2016-05-19', '246', 'HCA-B', 254284, 10655681299),
(25605, 16061227812, '2016-07-27', '71', 'HMO-GOLD-C', 254284, 80430607099),
(25606, 16891018394, '2016-02-29', '181', 'HMO-A', 254284, 87308909799),
(25607, 16960611742, '2016-04-02', '62', 'HCA-B', 254284, 79673317799),
(25608, 16720226953, '2016-08-25', '618', 'HCA-B', 254284, 74508820299),
(25609, 16330923607, '2016-07-25', '221', 'HMO-B', 988552, 51352098299),
(25610, 16140230827, '2016-04-03', '186', 'HMO-GOLD-C', 586693, 87308909799),
(25611, 16070206151, '2016-11-05', '585', 'HCA-B', 254284, 10655681299),
(25612, 16460513095, '2016-03-11', '764', 'HCA-SILVER', 988552, 51352098299),
(25613, 16701123002, '2016-09-09', '487', 'HMO-B', 586693, 33817777399),
(25614, 16960216457, '2016-07-04', '216', 'HMO-A', 988552, 25205234799),
(25615, 16820920119, '2016-10-29', '787', 'HMO-B', 988552, 80430607099),
(25616, 16890725062, '2016-08-30', '717', 'HMO-GOLD-C', 254284, 80675365999),
(25617, 16210328648, '2016-11-04', '410', 'HMO-A', 254284, 10655681299),
(25618, 16120809888, '2016-08-23', '672', 'HMO-B', 586693, 51352098299),
(25619, 16080126856, '2016-12-26', '78', 'HMO-A', 586693, 79673317799),
(25620, 16600720802, '2016-05-10', '386', 'HCA-SILVER', 988552, 82575519999),
(25621, 16820127152, '2016-11-10', '281', 'HMO-GOLD-C', 586693, 80675365999),
(25622, 16880930330, '2016-02-25', '652', 'HCA-SILVER', 254284, 10655681299),
(25623, 16560627351, '2016-05-29', '510', 'HMO-GOLD-C', 586693, 87308909799),
(25624, 16890512086, '2016-12-28', '421', 'HMO-B', 254284, 87308909799),
(25625, 16850615255, '2016-08-18', '837', 'HCA-B', 586693, 10655681299),
(25626, 16740122121, '2016-12-30', '228', 'HMO-A', 254284, 51352098299),
(25627, 16520708503, '2016-05-15', '74', 'HMO-GOLD-C', 254284, 80675365999),
(25628, 16030601637, '2016-12-12', '248', 'HMO-GOLD-C', 586693, 25205234799),
(25629, 16890512086, '2016-02-04', '794', 'HMO-A', 586693, 74508820299),
(25630, 16850615255, '2016-01-07', '266', 'HCA-B', 586693, 74508820299),
(25631, 16740122121, '2016-04-18', '252', 'HMO-B', 988552, 87308909799),
(25632, 16520708503, '2016-12-30', '755', 'HMO-B', 988552, 25205234799),
(25633, 16030601637, '2016-09-25', '138', 'HMO-B', 988552, 80430607099),
(25634, 16871023755, '2016-09-04', '628', 'HMO-B', 254284, 10655681299),
(25635, 16771024897, '2016-02-25', '60', 'HMO-GOLD-C', 254284, 80430607099),
(25636, 16131212058, '2016-03-19', '748', 'HMO-GOLD-C', 254284, 51352098299),
(25637, 16121210811, '2016-12-19', '744', 'HCA-B', 254284, 33817777399),
(25638, 16690408515, '2016-12-17', '169', 'HMO-GOLD-C', 988552, 33817777399),
(25639, 16681125666, '2016-04-10', '452', 'HMO-A', 988552, 79673317799),
(25640, 16420523350, '2016-09-15', '247', 'HCA-SILVER', 254284, 51352098299),
(25641, 16730417126, '2016-12-01', '217', 'HMO-B', 254284, 33817777399),
(25642, 16190607434, '2016-12-23', '418', 'HCA-B', 586693, 87308909799),
(25643, 16971113683, '2016-07-26', '748', 'HMO-A', 254284, 87308909799),
(25644, 16171015603, '2016-05-21', '198', 'HCA-SILVER', 586693, 80675365999),
(25645, 16170504742, '2016-10-12', '318', 'HMO-A', 988552, 25205234799),
(25646, 16690604796, '2016-09-04', '330', 'HMO-B', 586693, 33817777399),
(25647, 16970707282, '2016-12-22', '264', 'HMO-GOLD-C', 586693, 82575519999),
(25648, 16171203485, '2016-07-18', '738', 'HMO-GOLD-C', 586693, 33817777399),
(25649, 16341011505, '2016-07-22', '763', 'HMO-A', 586693, 25205234799),
(25650, 16400713234, '2016-10-25', '69', 'HMO-B', 988552, 87308909799),
(25651, 16090529374, '2016-02-20', '579', 'HCA-SILVER', 586693, 51352098299),
(25652, 16890512086, '2016-10-18', '332', 'HMO-B', 586693, 87308909799),
(25653, 16850615255, '2016-03-18', '759', 'HCA-SILVER', 254284, 79673317799),
(25654, 16740122121, '2016-12-09', '827', 'HMO-B', 988552, 80430607099),
(25655, 16520708503, '2016-11-12', '417', 'HMO-GOLD-C', 586693, 80430607099),
(25656, 16030601637, '2016-07-15', '286', 'HCA-SILVER', 254284, 33817777399),
(25657, 16871023755, '2016-10-17', '707', 'HMO-A', 586693, 33817777399),
(25658, 16771024897, '2016-04-11', '90', 'HMO-B', 586693, 74508820299),
(25659, 16131212058, '2016-05-21', '183', 'HCA-B', 988552, 80675365999),
(25660, 16121210811, '2016-01-10', '820', 'HMO-A', 586693, 51352098299),
(25661, 16690408515, '2016-01-09', '471', 'HMO-GOLD-C', 586693, 82575519999),
(25662, 16681125666, '2016-10-26', '588', 'HMO-B', 254284, 79673317799),
(25663, 16420523350, '2016-04-02', '222', 'HMO-GOLD-C', 586693, 87308909799),
(25664, 16730417126, '2016-03-08', '646', 'HMO-A', 586693, 51352098299),
(25665, 16190607434, '2016-02-06', '485', 'HMO-A', 254284, 51352098299),
(25666, 16971113683, '2016-07-19', '300', 'HMO-B', 586693, 79673317799),
(25667, 16171015603, '2016-08-26', '139', 'HMO-B', 988552, 82575519999),
(25668, 16170504742, '2016-07-10', '514', 'HCA-B', 254284, 25205234799),
(25669, 16690604796, '2016-09-29', '132', 'HCA-B', 988552, 79673317799),
(25670, 16970707282, '2016-12-02', '183', 'HMO-GOLD-C', 988552, 80675365999),
(25671, 16171203485, '2016-08-03', '344', 'HCA-SILVER', 254284, 87308909799),
(25672, 16341011505, '2016-07-09', '775', 'HCA-SILVER', 586693, 82575519999),
(25673, 16400713234, '2016-04-03', '272', 'HMO-A', 254284, 25205234799),
(25674, 16090529374, '2016-02-10', '355', 'HMO-A', 586693, 79673317799),
(25675, 16690408515, '2016-11-10', '199', 'HMO-GOLD-C', 586693, 10655681299),
(25676, 16681125666, '2016-10-21', '674', 'HCA-B', 988552, 82575519999),
(25677, 16420523350, '2016-06-21', '450', 'HMO-GOLD-C', 254284, 25205234799),
(25678, 16730417126, '2016-07-14', '707', 'HMO-B', 254284, 80430607099),
(25679, 16190607434, '2016-10-14', '494', 'HMO-A', 586693, 80675365999),
(25680, 16971113683, '2016-05-13', '712', 'HCA-SILVER', 254284, 82575519999),
(25681, 16171015603, '2016-10-05', '394', 'HMO-GOLD-C', 988552, 87308909799),
(25682, 16170504742, '2016-06-26', '68', 'HCA-SILVER', 988552, 80675365999),
(25683, 16690604796, '2016-04-14', '463', 'HMO-B', 586693, 74508820299),
(25684, 16970707282, '2016-02-01', '710', 'HMO-A', 254284, 51352098299),
(25685, 16171203485, '2016-10-07', '397', 'HMO-GOLD-C', 988552, 82575519999),
(25686, 16341011505, '2016-12-29', '716', 'HMO-A', 254284, 51352098299),
(25687, 16400713234, '2016-11-18', '722', 'HMO-GOLD-C', 988552, 25205234799),
(25688, 16090529374, '2016-04-01', '233', 'HMO-A', 988552, 51352098299),
(25689, 16770327351, '2016-01-13', '303', 'HMO-A', 586693, 33817777399),
(25690, 16021004336, '2016-02-08', '552', 'HCA-B', 586693, 82575519999),
(25691, 16241211777, '2016-02-15', '119', 'HMO-A', 254284, 80675365999),
(25692, 16451220580, '2016-06-20', '791', 'HMO-A', 586693, 25205234799),
(25693, 16061227812, '2016-02-26', '334', 'HCA-SILVER', 254284, 25205234799),
(25694, 16891018394, '2016-02-15', '604', 'HMO-A', 254284, 25205234799),
(25695, 16960611742, '2016-10-08', '71', 'HMO-B', 254284, 79673317799),
(25696, 16720226953, '2016-06-06', '231', 'HCA-B', 586693, 80675365999),
(25697, 16350925473, '2016-05-06', '234', 'HCA-SILVER', 586693, 87308909799),
(25698, 16380106648, '2016-03-30', '691', 'HMO-GOLD-C', 254284, 80430607099),
(25699, 16570301618, '2016-02-17', '120', 'HMO-A', 586693, 80430607099),
(25700, 16260112255, '2016-10-11', '508', 'HMO-GOLD-C', 586693, 80675365999),
(25701, 16850121063, '2016-10-13', '446', 'HMO-GOLD-C', 254284, 80430607099),
(25702, 16330923607, '2016-09-01', '163', 'HMO-A', 988552, 79673317799),
(25703, 16140230827, '2016-12-11', '813', 'HMO-GOLD-C', 254284, 80430607099),
(25704, 16070206151, '2016-01-27', '183', 'HMO-A', 254284, 87308909799),
(25705, 16460513095, '2016-10-23', '278', 'HCA-SILVER', 988552, 51352098299),
(25706, 16701123002, '2016-08-31', '708', 'HMO-GOLD-C', 988552, 80675365999),
(25707, 16960216457, '2016-11-12', '556', 'HCA-B', 586693, 79673317799),
(25708, 16820920119, '2016-11-04', '119', 'HMO-A', 254284, 51352098299),
(25709, 16890725062, '2016-07-26', '98', 'HCA-B', 254284, 25205234799),
(25710, 16210328648, '2016-03-12', '395', 'HCA-B', 988552, 10655681299),
(25711, 16120809888, '2016-11-09', '235', 'HMO-A', 988552, 80430607099),
(25712, 16080126856, '2016-08-26', '844', 'HMO-A', 254284, 10655681299),
(25713, 16600720802, '2016-01-11', '69', 'HMO-B', 988552, 10655681299),
(25714, 16820127152, '2016-10-15', '274', 'HMO-GOLD-C', 988552, 33817777399),
(25715, 16880930330, '2016-02-23', '481', 'HCA-SILVER', 988552, 25205234799),
(25716, 16560627351, '2016-02-16', '323', 'HMO-A', 988552, 80675365999),
(25717, 16890512086, '2016-07-05', '170', 'HCA-B', 586693, 10655681299),
(25718, 16850615255, '2016-03-27', '129', 'HCA-SILVER', 254284, 25205234799),
(25719, 16740122121, '2016-09-29', '494', 'HMO-GOLD-C', 988552, 10655681299),
(25720, 16520708503, '2016-12-01', '414', 'HMO-A', 586693, 51352098299),
(25721, 16030601637, '2016-05-09', '459', 'HMO-GOLD-C', 254284, 51352098299),
(25722, 16871023755, '2016-10-18', '431', 'HCA-SILVER', 988552, 87308909799),
(25723, 16771024897, '2016-10-05', '330', 'HMO-GOLD-C', 988552, 25205234799),
(25724, 16131212058, '2016-11-06', '566', 'HCA-B', 988552, 80675365999),
(25725, 16121210811, '2016-01-31', '741', 'HCA-B', 586693, 79673317799),
(25726, 16690408515, '2016-07-18', '510', 'HMO-B', 254284, 51352098299),
(25727, 16681125666, '2016-09-26', '193', 'HCA-SILVER', 988552, 80675365999),
(25728, 16420523350, '2016-03-05', '138', 'HMO-A', 254284, 33817777399),
(25729, 16730417126, '2016-02-22', '550', 'HMO-B', 254284, 80675365999),
(25730, 16190607434, '2016-12-01', '443', 'HMO-GOLD-C', 586693, 74508820299),
(25731, 16971113683, '2016-08-11', '359', 'HMO-A', 586693, 51352098299),
(25732, 16171015603, '2016-05-04', '495', 'HCA-B', 988552, 10655681299),
(25733, 16170504742, '2016-11-02', '420', 'HMO-GOLD-C', 988552, 80675365999),
(25734, 16690604796, '2016-02-15', '806', 'HMO-B', 586693, 25205234799),
(25735, 16970707282, '2016-02-21', '65', 'HMO-GOLD-C', 988552, 87308909799),
(25736, 16171203485, '2016-04-16', '365', 'HMO-B', 254284, 87308909799),
(25737, 16341011505, '2016-10-27', '270', 'HMO-GOLD-C', 586693, 10655681299),
(25738, 16400713234, '2016-10-10', '775', 'HMO-B', 586693, 10655681299),
(25739, 16090529374, '2016-09-11', '387', 'HMO-B', 254284, 82575519999),
(25740, 16770327351, '2016-11-04', '176', 'HMO-GOLD-C', 988552, 33817777399),
(25741, 16021004336, '2016-04-10', '307', 'HMO-GOLD-C', 254284, 25205234799),
(25742, 16241211777, '2016-11-11', '831', 'HCA-SILVER', 586693, 33817777399),
(25743, 16451220580, '2016-01-04', '349', 'HMO-B', 988552, 10655681299),
(25744, 16061227812, '2016-06-12', '324', 'HMO-B', 254284, 33817777399),
(25745, 16891018394, '2016-08-10', '554', 'HCA-B', 254284, 10655681299),
(25746, 16960611742, '2016-11-07', '203', 'HMO-A', 988552, 74508820299),
(25747, 16720226953, '2016-04-04', '777', 'HMO-B', 988552, 74508820299),
(25748, 16350925473, '2016-05-14', '828', 'HCA-B', 988552, 33817777399),
(25749, 16380106648, '2016-01-24', '639', 'HMO-GOLD-C', 254284, 80430607099),
(25750, 16570301618, '2016-12-22', '224', 'HCA-SILVER', 988552, 74508820299),
(25751, 16260112255, '2016-02-13', '783', 'HCA-B', 586693, 33817777399),
(25752, 16850121063, '2016-10-27', '78', 'HMO-A', 586693, 25205234799),
(25753, 16330923607, '2016-08-11', '288', 'HMO-B', 586693, 51352098299),
(25754, 16140230827, '2016-06-19', '691', 'HMO-A', 988552, 25205234799),
(25755, 16070206151, '2016-05-08', '350', 'HMO-GOLD-C', 586693, 87308909799),
(25756, 16460513095, '2016-02-19', '365', 'HMO-A', 254284, 25205234799),
(25757, 16701123002, '2016-12-20', '218', 'HMO-B', 254284, 87308909799),
(25758, 16960216457, '2016-12-28', '273', 'HCA-B', 254284, 33817777399),
(25759, 16820920119, '2016-09-01', '765', 'HMO-B', 254284, 80675365999),
(25760, 16890725062, '2016-10-12', '346', 'HMO-GOLD-C', 988552, 80430607099),
(25761, 16210328648, '2016-05-24', '766', 'HMO-B', 254284, 80675365999),
(25762, 16120809888, '2016-11-20', '536', 'HMO-A', 586693, 74508820299),
(25763, 16080126856, '2016-10-26', '64', 'HCA-SILVER', 586693, 25205234799),
(25764, 16600720802, '2016-07-15', '733', 'HMO-B', 988552, 74508820299),
(25765, 16820127152, '2016-08-01', '475', 'HMO-A', 586693, 87308909799),
(25766, 16880930330, '2016-10-21', '803', 'HMO-B', 586693, 80430607099),
(25767, 16560627351, '2016-02-01', '248', 'HMO-A', 988552, 25205234799),
(25768, 16890512086, '2016-09-01', '626', 'HCA-B', 586693, 80430607099),
(25769, 16850615255, '2016-01-15', '514', 'HCA-SILVER', 586693, 10655681299),
(25770, 16740122121, '2016-09-08', '288', 'HCA-SILVER', 254284, 79673317799),
(25771, 16520708503, '2016-07-21', '417', 'HCA-B', 988552, 74508820299),
(25772, 16030601637, '2016-03-31', '212', 'HCA-SILVER', 988552, 80430607099),
(25773, 16871023755, '2016-05-23', '254', 'HMO-A', 254284, 10655681299),
(25774, 16771024897, '2016-10-30', '378', 'HCA-SILVER', 988552, 25205234799),
(25775, 16131212058, '2016-06-08', '164', 'HCA-B', 988552, 51352098299),
(25776, 16121210811, '2016-05-11', '217', 'HMO-GOLD-C', 254284, 25205234799),
(25777, 16690408515, '2016-06-30', '68', 'HMO-GOLD-C', 586693, 25205234799),
(25778, 16681125666, '2016-11-14', '854', 'HMO-A', 988552, 33817777399),
(25779, 16420523350, '2016-11-02', '243', 'HMO-B', 254284, 80430607099),
(25780, 16730417126, '2016-04-26', '335', 'HCA-SILVER', 586693, 51352098299),
(25781, 16190607434, '2016-10-01', '818', 'HMO-GOLD-C', 586693, 87308909799);

CREATE TABLE IF NOT EXISTS `patient` (
  `patient_id` bigint(20) NOT NULL,
  `firstname` varchar(100) DEFAULT NULL,
  `middlename` varchar(100) DEFAULT NULL,
  `lastname` varchar(100) DEFAULT NULL,
  `address1` varchar(200) DEFAULT NULL,
  `address2` varchar(200) DEFAULT NULL,
  `state` varchar(100) DEFAULT NULL,
  `city` varchar(100) DEFAULT NULL,
  `zipcode` int(20) DEFAULT NULL,
  `phone` varchar(100) DEFAULT NULL,
  `email` varchar(100) DEFAULT NULL,
  `ssn` varchar(100) DEFAULT NULL,
  `primary_physician_id` bigint(20) DEFAULT NULL,
  `insurance_provider` int(20) DEFAULT NULL,
  PRIMARY KEY (`patient_id`),
  KEY `primary_physician_id` (`primary_physician_id`,`insurance_provider`),
  KEY `insurance_provider` (`insurance_provider`)
) ENGINE=InnoDB DEFAULT CHARSET=utf8;

INSERT INTO `patient` (`patient_id`, `firstname`, `middlename`, `lastname`, `address1`, `address2`, `state`, `city`, `zipcode`, `phone`, `email`, `ssn`, `primary_physician_id`, `insurance_provider`) VALUES
(16021004336, 'Lawrence', 'Idola', 'Cooper', '2622 Eu St.', 'Ap #487-6105 Ornare', 'TX', 'Galway', 74551, '896-854-8441', 'Lawrence.Cooper@nisloop.pel', '188424404', 33817777399, 988552),
(16030601637, 'Colin', 'Gabriel', 'Weber', 'Ap #136-965 A Street', '8867 Magna Av.', 'FL', 'Lugo', 54329, '896-854-8441', 'Colin.Weber@turpis.ca', '406531761', 87308909799, 254284),
(16061227812, 'Darryl', 'Kelsie', 'Foreman', 'P.O. Box 508', '', 'NY', 'Minna', 49989, '896-854-2134', 'Darryl.Foreman@diamedo.asa', '245662721', 87308909799, 254284),
(16070206151, 'Holly', 'Vanna', 'Wheeler', '371-7884 Consectetuer Rd.', 'P.O. Box 489', 'CA', 'Cartago', 34302, '102-106-5456', 'Holly.Wheeler@ruturm.co.in', '110608280', 80675365999, 988552),
(16080126856, 'Marvin', 'Kyle', 'Carroll', '4843 Nunc St.', 'Ap #472-7205 Pretium Rd.', 'TX', 'Tomane', 71677, '254-854-2134', 'Marvin.Carroll@diamedo.asa', '389607060', 82575519999, 254284),
(16090529374, 'Yvette', 'Emma', 'Schneider', '355-2828 Tortor. Rd.', '8312 Suspendisse Street', 'MI', 'Tomane', 47062, '896-854-5884', 'Yvette.Schneider@turpis.ca', '106687536', 51352098299, 586693),
(16120809888, 'Fitzgerald', 'Ariana', 'Decker', '3693 Orci. Rd.', 'P.O. Box 622', 'GA', 'Vienna', 73165, '745-961-8441', 'Fitzgerald.Decker@maurisa.org', '548217836', 33817777399, 988552),
(16121210811, 'Kylan', 'Craig', 'Patrick', '4104 Praesent Rd.', '1186 Montes', 'CA', 'Galway', 60069, '586-961-0144', 'Kylan.Patrick@nisloop.pel', '515401314', 74508820299, 254284),
(16131212058, 'Zeus', 'Pascale', 'Santana', '734-5001 Nulla. St.', '238-246 Ligula. Ave', 'CA', 'Lugo', 84503, '102-961-5410', 'Zeus.Santana@maurisa.org', '107961545', 10655681299, 254284),
(16140230827, 'Imani', 'Jada', 'Acosta', '410 Aliquet. Ave', 'P.O. Box 787', 'OR', 'Hillsboro', 49434, '254-854-0144', 'Imani.Acosta@turpis.ca', '141299997', 80675365999, 586693),
(16170504742, 'Keely', 'Edward', 'Baird', 'Ap #385-4404 Cum St.', '1097 Nunc Avenue', 'OR', 'Minna', 85483, '745-961-5410', 'Keely.Baird@castkuh.com', '483441484', 80675365999, 586693),
(16171015603, 'Maile', 'Theodore', 'Mccray', '767 Curabitur Ave', '563-4613 Erat Road', 'CA', 'Vienna', 94761, '896-856-5884', 'Maile.Mccray@turpis.ca', '272023572', 74508820299, 586693),
(16171203485, 'Jenna', 'Teegan', 'Flowers', 'Ap #283-4599 Etiam Avenue', '769-1891 Sed St.', 'OR', 'Belfast', 65422, '841-961-2134', 'Jenna.Flowers@ruturm.co.in', '301034128', 10655681299, 988552),
(16190607434, 'Sylvia', 'Shad', 'Hopper', '4949 Dui. St.', '651-4268 Enim St.', 'CA', 'Belfast', 68322, '254-961-5884', 'Sylvia.Hopper@maurisa.org', '124301150', 79673317799, 988552),
(16210328648, 'Juliet', 'Barbara', 'Ball', 'P.O. Box 795', '', 'TX', 'Tomane', 58691, '896-856-0144', 'Juliet.Ball@maurisa.org', '148701691', 80675365999, 254284),
(16241211777, 'Ferris', 'Inez', 'Holland', '9826 Vulputate Ave', 'P.O. Box 839', 'CA', 'Belfast', 65030, '896-854-8441', 'Ferris.Holland@castkuh.com', '305153119', 51352098299, 586693),
(16260112255, 'Germaine', 'Kevyn', 'Rowe', 'P.O. Box 599', '', 'NY', 'Belfast', 62449, '745-961-5456', 'Germaine.Rowe@maurisa.org', '567428871', 80430607099, 988552),
(16330923607, 'Macon', 'Shaeleigh', 'Dejesus', 'P.O. Box 795', '', 'OR', 'Vienna', 60893, '254-854-5456', 'Macon.Dejesus@maurisa.org', '322251434', 10655681299, 586693),
(16341011505, 'Joy', 'Jessica', 'Lucas', 'Ap #322-4494 Sed Rd.', '8764 Dolor', 'SC', 'Tomane', 87723, '586-961-1456', 'Joy.Lucas@maurisa.org', '258440162', 87308909799, 254284),
(16350925473, 'Magee', 'Alice', 'Hughes', 'P.O. Box 883', '', 'FL', 'Belfast', 82463, '102-961-0144', 'Magee.Hughes@diamedo.asa', '388144875', 33817777399, 254284),
(16380106648, 'Bert', 'Chaney', 'Barnes', 'P.O. Box 101', '', 'OR', 'Vienna', 49371, '586-106-1456', 'Bert.Barnes@castkuh.com', '430893182', 74508820299, 988552),
(16400713234, 'Allen', 'Astra', 'Savage', 'P.O. Box 176', '', 'FL', 'Belfast', 42818, '841-854-5884', 'Allen.Savage@nisloop.pel', '199380018', 82575519999, 988552),
(16420523350, 'Geraldine', 'Hasad', 'Whitfield', '745-2081 Placerat Road', '863-4843 Eu Ave', 'MI', 'Cartago', 59097, '586-854-8441', 'Geraldine.Whitfield@ruturm.co.in', '526955379', 74508820299, 254284),
(16451220580, 'Jarrod', 'Gil', 'Burt', '506-3736 Vitae Av.', 'Ap #113-2502 Arcu. Street', 'FL', 'Vienna', 67572, '102-106-0144', 'Jarrod.Burt@turpis.ca', '405255793', 10655681299, 254284),
(16460513095, 'Drake', 'Fleur', 'Melendez', '8657 Metus Ave', 'Ap #116-4759 Malesuada St.', 'OR', 'Tomane', 67767, '586-961-8441', 'Drake.Melendez@maurisa.org', '548038852', 33817777399, 254284),
(16520708503, 'Ariel', 'Amery', 'Hancock', 'Ap #843-5218 Imperdiet Ave', 'Ap #927-9317 Elit St.', 'TX', 'Lugo', 95555, '896-106-2134', 'Ariel.Hancock@ruturm.co.in', '551788634', 51352098299, 254284),
(16560627351, 'Ivory', 'Brett', 'Oconnor', '8537 Neque Rd.', '542 Diam. St.', 'TX', 'Tomane', 68314, '586-854-5410', 'Ivory.Oconnor@nisloop.pel', '414468501', 10655681299, 254284),
(16570301618, 'Mason', 'Eaton', 'Bryan', 'P.O. Box 807', '', 'CA', 'Lugo', 73666, '102-106-8441', 'Mason.Bryan@maurisa.org', '446596986', 51352098299, 254284),
(16600720802, 'Hope', 'Lilah', 'Dillard', 'P.O. Box 876', '', 'CA', 'Minna', 85088, '254-961-8441', 'Hope.Dillard@castkuh.com', '203030082', 51352098299, 988552),
(16681125666, 'Ishmael', 'Colin', 'Lewis', '876-7718 Metus Road', 'Ap #262-5122 Libero. St.', 'FL', 'Vienna', 48396, '841-961-8441', 'Ishmael.Lewis@ruturm.co.in', '405991194', 80675365999, 988552),
(16690408515, 'Ulric', 'Maite', 'Ryan', '555-8167 Nunc Av.', '8945 Et Av.', 'SC', 'Minna', 40756, '586-961-1456', 'Ulric.Ryan@maurisa.org', '467188576', 80430607099, 254284),
(16690604796, 'Elmo', 'Gillian', 'Cross', '5885 Dignissim Av.', '582-7410 Pede. Street', 'GA', 'Cartago', 81093, '841-961-8441', 'Elmo.Cross@maurisa.org', '384689318', 87308909799, 988552),
(16701123002, 'Louis', 'Gillian', 'Britt', '5371 Adipiscing Road', '695-6588 Non Ave', 'TX', 'Galway', 95661, '586-106-5456', 'Louis.Britt@diamedo.asa', '261799675', 74508820299, 988552),
(16720226953, 'Clark', 'Gareth', 'Alvarado', '299-1803 Tellus Av.', 'P.O. Box 994', 'OR', 'Lugo', 38540, '102-856-1456', 'Clark.Alvarado@diamedo.asa', '111020490', 51352098299, 988552),
(16730417126, 'Nathan', 'Rahim', 'Walton', '5379 Aenean St.', '856-3981 Malesuada Ave', 'NY', 'Lugo', 33515, '745-106-0144', 'Nathan.Walton@ruturm.co.in', '160209629', 74508820299, 988552),
(16740122121, 'Jesse', 'Hanae', 'Bender', '943-9347 Lectus Ave', '803-9921 Dolor Avenue', 'FL', 'Lugo', 42648, '745-106-8441', 'Jesse.Bender@castkuh.com', '527572297', 87308909799, 988552),
(16770327351, 'Orla', 'Ella', 'Shields', 'P.O. Box 141', '', 'MI', 'Galway', 32712, '102-856-2134', 'Orla.Shields@castkuh.com', '568485171', 87308909799, 254284),
(16771024897, 'Allegra', 'Caryn', 'Cotton', '1134 Senectus Road', 'P.O. Box 639', 'GA', 'Hillsboro', 53673, '896-961-5884', 'Allegra.Cotton@turpis.ca', '282750876', 80675365999, 586693),
(16820127152, 'Stewart', 'TaShya', 'Dale', '7299 Tempor Street', 'P.O. Box 549', 'OR', 'Vienna', 42363, '586-854-8441', 'Stewart.Dale@diamedo.asa', '248609238', 80430607099, 254284),
(16820920119, 'Declan', 'Brady', 'Bowman', 'P.O. Box 946', '', 'GA', 'Vienna', 45510, '896-106-8906', 'Declan.Bowman@ruturm.co.in', '126378146', 51352098299, 254284),
(16850121063, 'Xerxes', 'Quinn', 'Kelly', 'P.O. Box 612', '', 'SC', 'Galway', 96963, '841-854-8906', 'Xerxes.Kelly@turpis.ca', '419215725', 79673317799, 586693),
(16850615255, 'Paul', 'Emmanuel', 'Yang', '426-2215 Eu Street', '1352 Ridiculus Ave', 'SC', 'Vienna', 89383, '102-961-0144', 'Paul.Yang@diamedo.asa', '147667420', 10655681299, 988552),
(16871023755, 'Merrill', 'Urielle', 'Molina', 'P.O. Box 729', '', 'NY', 'Belfast', 95794, '745-854-5456', 'Merrill.Molina@castkuh.com', '611190513', 74508820299, 254284),
(16880930330, 'Hedy', 'Joel', 'Schroeder', '2212 Proin Rd.', 'Ap #916-4843 Lorem Ave', 'TX', 'Cartago', 56051, '102-106-8441', 'Hedy.Schroeder@maurisa.org', '419322895', 74508820299, 988552),
(16890512086, 'Oscar', 'Rinah', 'Levy', 'P.O. Box 198', '', 'CA', 'Tomane', 73036, '841-856-2134', 'Oscar.Levy@ruturm.co.in', '417969450', 51352098299, 254284),
(16890725062, 'Lee', 'Kirk', 'Burris', '5050 Enim. St.', 'Ap #307-7613 Facilisis. Ave', 'CA', 'Cartago', 77937, '841-961-8906', 'Lee.Burris@ruturm.co.in', '580604612', 87308909799, 988552),
(16891018394, 'Keane', 'Ina', 'Wise', '152 Amet Avenue', 'P.O. Box 272', 'OR', 'Lugo', 37532, '745-854-5884', 'Keane.Wise@nisloop.pel', '344757319', 10655681299, 988552),
(16960216457, 'Virginia', 'Noble', 'Park', 'P.O. Box 859', '', 'TX', 'Galway', 32267, '841-961-2134', 'Virginia.Park@diamedo.asa', '568364647', 82575519999, 988552),
(16960611742, 'Fuller', 'Azalia', 'Morrison', 'P.O. Box 765', '', 'GA', 'Cartago', 82566, '896-106-2134', 'Fuller.Morrison@maurisa.org', '390755376', 82575519999, 988552),
(16970707282, 'Peter', 'Meredith', 'Gibbs', '683-8298 Urna Avenue', 'Ap #271-667 Semper Ave', 'OR', 'Minna', 97132, '841-856-5884', 'Peter.Gibbs@turpis.ca', '442304803', 10655681299, 586693),
(16971113683, 'Jade', 'Upton', 'Blanchard', '387-3919 A', '', 'MI', 'Hillsboro', 74429, '841-106-5884', 'Jade.Blanchard@diamedo.asa', '208000251', 87308909799, 586693);

CREATE TABLE IF NOT EXISTS `physician` (
  `physician_id` bigint(20) NOT NULL,
  `firstname` varchar(100) DEFAULT NULL,
  `middlename` varchar(100) DEFAULT NULL,
  `lastname` varchar(100) DEFAULT NULL,
  `phone` varchar(20) DEFAULT NULL,
  `email` varchar(100) DEFAULT NULL,
  PRIMARY KEY (`physician_id`)
) ENGINE=InnoDB DEFAULT CHARSET=utf8;

INSERT INTO `physician` (`physician_id`, `firstname`, `middlename`, `lastname`, `phone`, `email`) VALUES
(10655681299, 'Igor', 'Alden', 'Klein', '594-886-1277', 'egestas@vitae.co.uk'),
(25205234799, 'Daniel', 'Mohammad', 'Patel', '720-203-2348', 'met@molestieSedid.ca'),
(33817777399, 'Wang', 'W', 'Scott', '156-576-4757', 'tincidunt@erat.ca'),
(51352098299, 'Deborah', 'Gray', 'Strokes', '158-695-6352', 'grayladerta@feliseg.org'),
(74508820299, 'Herrod', 'Ced', 'Daniel', '436-470-7859', 'dictum@parturient.com'),
(79673317799, 'martena ', 'Rebecca', 'Rosa', '318-728-6825', 'con.ipsum.nun@parturient.co.uk'),
(80430607099, 'Merritt', 'Brock', 'Holmes', '163-661-9359', 'sed.libero@Suspendis.org'),
(80675365999, 'Charissa', 'Ali', 'Juarez', '258-693-5487', 'sapien.aenean@necmetus.ca'),
(82575519999, 'Nasim', 'Jana', 'Scott', '726-500-2018', 'mattis@feugiat.ca'),
(87308909799, 'Hamilton', 'Chan', 'barton', '186-353-0269', 'ham@eatsallk.com');

CREATE TABLE IF NOT EXISTS `provider` (
  `provider_id` int(20) NOT NULL,
  `name` varchar(100) DEFAULT NULL,
  PRIMARY KEY (`provider_id`)
) ENGINE=InnoDB DEFAULT CHARSET=utf8;

INSERT INTO `provider` (`provider_id`, `name`) VALUES
(254284, 'Tempor Lorem et'),
(586693, 'Caresoft health'),
(988552, 'Live Let Live corp');


ALTER TABLE `billing`
  ADD CONSTRAINT `billing_ibfk_1` FOREIGN KEY (`patient_id`) REFERENCES `patient` (`patient_id`),
  ADD CONSTRAINT `billing_ibfk_2` FOREIGN KEY (`insurance_provider`) REFERENCES `provider` (`provider_id`),
  ADD CONSTRAINT `billing_ibfk_3` FOREIGN KEY (`primary_physician_id`) REFERENCES `physician` (`physician_id`);

ALTER TABLE `patient`
  ADD CONSTRAINT `patient_ibfk_1` FOREIGN KEY (`primary_physician_id`) REFERENCES `physician` (`physician_id`),
  ADD CONSTRAINT `patient_ibfk_2` FOREIGN KEY (`insurance_provider`) REFERENCES `provider` (`provider_id`);
SET FOREIGN_KEY_CHECKS=1;

/*!40101 SET CHARACTER_SET_CLIENT=@OLD_CHARACTER_SET_CLIENT */;
/*!40101 SET CHARACTER_SET_RESULTS=@OLD_CHARACTER_SET_RESULTS */;
/*!40101 SET COLLATION_CONNECTION=@OLD_COLLATION_CONNECTION */;
